{
  "armored_mobs_on_easy": true,
  "easy_leather_armor_chance": 10,
  "easy_chain_armor_chance": 5,
  "easy_gold_armor_chance": 5,
  "swords_on_easy": true,
  "easy_wooden_sword_chance": 5,
  "easy_stone_sword_chance": 3,
  "easy_iron_sword_chance": 1,
  "armored_mobs_on_normal": true,
  "normal_leather_armor_chance": 20,
  "normal_chain_armor_chance": 15,
  "normal_gold_armor_chance": 15,
  "normal_iron_armor_chance": 10,
  "swords_on_normal": true,
  "normal_stone_sword_chance": 20,
  "normal_iron_sword_chance": 15,
  "normal_diamond_sword_chance": 5,
  "enchant_on_normal": true,
  "normal_enchant_level": 10,
  "normal_enchant_armor_chance": 10,
  "normal_enchant_sword_chance": 10,
  "armored_mobs_on_hard": true,
  "hard_chain_armor_chance": 30,
  "hard_gold_armor_chance": 20,
  "hard_iron_armor_chance": 15,
  "hard_diamond_armor_chance": 5,
  "swords_on_hard": true,
  "hard_iron_sword_chance": 40,
  "hard_diamond_sword_chance": 10,
  "hard_netherite_sword_chance": 5,
  "enchant_on_hard": true,
  "hard_enchant_level": 30,
  "hard_enchant_armor_chance": 25,
  "hard_enchant_sword_chance": 25
}