{
  "__comment": "Instructions: https://blakesmods.com/docs/cucumber/tags-config",
  "forge:ingots/steel": "null",
  "forge:ingots/tungsten": "null",
  "forge:dusts/saltpeter": "null",
  "forge:gems/ruby": "thermal:ruby",
  "forge:ingots/uranium": "null",
  "forge:ingots/silver": "thermal:silver_ingot",
  "forge:ingots/aluminum": "futurepack:ingot_aluminium",
  "forge:ingots/chrome": "null",
  "forge:ingots/bronze": "thermal:bronze_ingot",
  "forge:ingots/iridium": "null",
  "forge:ingots/zinc": "futurepack:ingot_zinc",
  "forge:ingots/nickel": "thermal:nickel_ingot",
  "forge:ingots/graphite": "null",
  "forge:silicon": "null",
  "forge:rubber": "null",
  "forge:ingots/invar": "thermal:invar_ingot",
  "forge:ingots/mithril": "null",
  "forge:ingots/lead": "thermal:lead_ingot",
  "forge:gems/sapphire": "thermal:sapphire",
  "forge:ingots/platinum": "null",
  "forge:ingots/brass": "create:brass_ingot",
  "forge:dusts/sulfur": "thermal:sulfur_dust",
  "forge:ingots/tin": "futurepack:ingot_tin",
  "forge:gems/apatite": "thermal:apatite",
  "forge:ingots/titanium": "null",
  "forge:ingots/constantan": "thermal:constantan_ingot",
  "forge:dusts/niter": "thermal:niter_dust",
  "forge:ingots/electrum": "thermal:electrum_ingot",
  "forge:ingots/signalum": "thermal:signalum_ingot",
  "forge:ingots/enderium": "thermal:enderium_ingot",
  "forge:ingots/lumium": "thermal:lumium_ingot"
}